Changes made at Thu Nov 20 10:13:19 UTC 2025
Changes made at Thu Nov 20 12:25:22 UTC 2025
Changes made at Thu Nov 20 14:11:39 UTC 2025
Changes made at Thu Nov 20 16:14:57 UTC 2025
Changes made at Fri Nov 21 08:17:11 UTC 2025
Changes made at Fri Nov 21 10:12:37 UTC 2025
Changes made at Fri Nov 21 14:11:42 UTC 2025
Changes made at Fri Nov 21 16:14:36 UTC 2025
Changes made at Sat Nov 22 08:14:21 UTC 2025
Changes made at Sat Nov 22 10:11:11 UTC 2025
Changes made at Sat Nov 22 14:09:23 UTC 2025
Changes made at Sat Nov 22 16:12:28 UTC 2025
Changes made at Sun Nov 23 08:14:28 UTC 2025
Changes made at Sun Nov 23 10:11:04 UTC 2025
Changes made at Sun Nov 23 14:09:35 UTC 2025
Changes made at Sun Nov 23 16:12:38 UTC 2025
Changes made at Mon Nov 24 08:17:45 UTC 2025
Changes made at Mon Nov 24 10:14:04 UTC 2025
Changes made at Mon Nov 24 14:12:27 UTC 2025
Changes made at Mon Nov 24 16:12:59 UTC 2025
Changes made at Tue Nov 25 08:17:21 UTC 2025
Changes made at Tue Nov 25 10:14:01 UTC 2025
Changes made at Tue Nov 25 14:12:16 UTC 2025
Changes made at Tue Nov 25 16:15:17 UTC 2025
Changes made at Wed Nov 26 08:16:54 UTC 2025
Changes made at Wed Nov 26 10:13:35 UTC 2025
Changes made at Wed Nov 26 14:12:13 UTC 2025
Changes made at Wed Nov 26 16:14:52 UTC 2025
Changes made at Thu Nov 27 08:17:49 UTC 2025
Changes made at Thu Nov 27 10:13:03 UTC 2025
Changes made at Thu Nov 27 14:11:44 UTC 2025
Changes made at Thu Nov 27 16:14:21 UTC 2025
Changes made at Fri Nov 28 08:17:10 UTC 2025
Changes made at Fri Nov 28 10:13:17 UTC 2025
Changes made at Fri Nov 28 14:11:37 UTC 2025
Changes made at Fri Nov 28 16:14:03 UTC 2025
Changes made at Sat Nov 29 08:14:59 UTC 2025
Changes made at Sat Nov 29 10:11:32 UTC 2025
Changes made at Sat Nov 29 14:09:53 UTC 2025
Changes made at Sat Nov 29 16:12:46 UTC 2025
Changes made at Sun Nov 30 08:14:17 UTC 2025
Changes made at Sun Nov 30 10:11:11 UTC 2025
Changes made at Sun Nov 30 14:10:01 UTC 2025
Changes made at Sun Nov 30 16:12:49 UTC 2025
Changes made at Mon Dec  1 08:19:11 UTC 2025
Changes made at Mon Dec  1 10:14:43 UTC 2025
Changes made at Mon Dec  1 14:12:59 UTC 2025
Changes made at Mon Dec  1 16:16:43 UTC 2025
Changes made at Tue Dec  2 08:18:16 UTC 2025
Changes made at Tue Dec  2 10:13:49 UTC 2025
Changes made at Tue Dec  2 14:13:45 UTC 2025
Changes made at Tue Dec  2 16:16:22 UTC 2025
Changes made at Wed Dec  3 08:17:30 UTC 2025
Changes made at Wed Dec  3 10:14:01 UTC 2025
Changes made at Wed Dec  3 14:13:17 UTC 2025
Changes made at Wed Dec  3 16:17:11 UTC 2025
Changes made at Thu Dec  4 08:18:07 UTC 2025
Changes made at Thu Dec  4 10:14:16 UTC 2025
Changes made at Thu Dec  4 14:13:26 UTC 2025
Changes made at Thu Dec  4 16:16:26 UTC 2025
Changes made at Fri Dec  5 08:16:37 UTC 2025
Changes made at Fri Dec  5 10:13:08 UTC 2025
Changes made at Fri Dec  5 14:12:23 UTC 2025
Changes made at Fri Dec  5 16:14:54 UTC 2025
Changes made at Sat Dec  6 08:14:42 UTC 2025
Changes made at Sat Dec  6 10:11:17 UTC 2025
Changes made at Sat Dec  6 14:09:46 UTC 2025
Changes made at Sat Dec  6 16:12:59 UTC 2025
Changes made at Sun Dec  7 08:14:25 UTC 2025
Changes made at Sun Dec  7 10:10:44 UTC 2025
Changes made at Sun Dec  7 14:10:07 UTC 2025
Changes made at Sun Dec  7 16:12:27 UTC 2025
Changes made at Mon Dec  8 08:19:20 UTC 2025
Changes made at Mon Dec  8 10:14:19 UTC 2025
Changes made at Mon Dec  8 14:12:49 UTC 2025
Changes made at Mon Dec  8 16:15:57 UTC 2025
Changes made at Tue Dec  9 08:18:03 UTC 2025
Changes made at Tue Dec  9 10:14:34 UTC 2025
Changes made at Tue Dec  9 14:13:44 UTC 2025
Changes made at Tue Dec  9 16:16:10 UTC 2025
Changes made at Wed Dec 10 08:17:48 UTC 2025
Changes made at Wed Dec 10 10:14:09 UTC 2025
Changes made at Wed Dec 10 14:14:59 UTC 2025
Changes made at Wed Dec 10 16:17:56 UTC 2025
Changes made at Thu Dec 11 08:18:32 UTC 2025
Changes made at Thu Dec 11 10:14:03 UTC 2025
Changes made at Thu Dec 11 14:15:20 UTC 2025
Changes made at Thu Dec 11 16:18:12 UTC 2025
Changes made at Fri Dec 12 08:17:59 UTC 2025
Changes made at Fri Dec 12 10:13:30 UTC 2025
Changes made at Fri Dec 12 14:12:29 UTC 2025
Changes made at Fri Dec 12 16:14:24 UTC 2025
Changes made at Sat Dec 13 08:14:40 UTC 2025
Changes made at Sat Dec 13 10:11:14 UTC 2025
Changes made at Sat Dec 13 14:10:50 UTC 2025
Changes made at Sat Dec 13 16:13:20 UTC 2025
Changes made at Sun Dec 14 08:15:17 UTC 2025
Changes made at Sun Dec 14 10:11:58 UTC 2025
Changes made at Sun Dec 14 14:10:36 UTC 2025
Changes made at Sun Dec 14 16:12:58 UTC 2025
Changes made at Mon Dec 15 08:19:37 UTC 2025
Changes made at Mon Dec 15 10:16:12 UTC 2025
Changes made at Mon Dec 15 14:16:25 UTC 2025
Changes made at Mon Dec 15 16:17:53 UTC 2025
Changes made at Tue Dec 16 08:18:25 UTC 2025
Changes made at Tue Dec 16 10:14:21 UTC 2025
Changes made at Tue Dec 16 14:15:33 UTC 2025
Changes made at Tue Dec 16 16:16:23 UTC 2025
Changes made at Wed Dec 17 08:18:10 UTC 2025
Changes made at Wed Dec 17 10:14:11 UTC 2025
Changes made at Wed Dec 17 14:13:48 UTC 2025
Changes made at Wed Dec 17 16:16:35 UTC 2025
Changes made at Thu Dec 18 08:17:42 UTC 2025
Changes made at Thu Dec 18 10:13:30 UTC 2025
Changes made at Thu Dec 18 14:14:28 UTC 2025
Changes made at Thu Dec 18 16:17:15 UTC 2025
Changes made at Fri Dec 19 08:17:42 UTC 2025
Changes made at Fri Dec 19 10:13:09 UTC 2025
Changes made at Fri Dec 19 14:13:02 UTC 2025
Changes made at Fri Dec 19 16:14:45 UTC 2025
Changes made at Sat Dec 20 08:15:16 UTC 2025
Changes made at Sat Dec 20 10:11:43 UTC 2025
Changes made at Sat Dec 20 14:10:44 UTC 2025
Changes made at Sat Dec 20 16:13:20 UTC 2025
Changes made at Sun Dec 21 08:15:34 UTC 2025
Changes made at Sun Dec 21 10:11:39 UTC 2025
Changes made at Sun Dec 21 14:10:45 UTC 2025
Changes made at Sun Dec 21 16:13:08 UTC 2025
Changes made at Mon Dec 22 08:18:47 UTC 2025
Changes made at Mon Dec 22 10:14:01 UTC 2025
Changes made at Mon Dec 22 14:13:06 UTC 2025
Changes made at Mon Dec 22 16:15:05 UTC 2025
Changes made at Tue Dec 23 08:18:13 UTC 2025
Changes made at Tue Dec 23 10:13:48 UTC 2025
Changes made at Tue Dec 23 14:12:36 UTC 2025
Changes made at Tue Dec 23 16:15:25 UTC 2025
Changes made at Wed Dec 24 08:17:49 UTC 2025
Changes made at Wed Dec 24 10:13:18 UTC 2025
Changes made at Wed Dec 24 14:11:35 UTC 2025
Changes made at Wed Dec 24 16:14:57 UTC 2025
Changes made at Thu Dec 25 08:17:19 UTC 2025
Changes made at Thu Dec 25 10:13:07 UTC 2025
Changes made at Thu Dec 25 14:11:52 UTC 2025
Changes made at Thu Dec 25 16:14:38 UTC 2025
Changes made at Fri Dec 26 08:17:05 UTC 2025
Changes made at Fri Dec 26 10:12:57 UTC 2025
Changes made at Fri Dec 26 14:12:03 UTC 2025
Changes made at Fri Dec 26 16:13:49 UTC 2025
Changes made at Sat Dec 27 08:15:53 UTC 2025
Changes made at Sat Dec 27 10:11:36 UTC 2025
Changes made at Sat Dec 27 14:11:01 UTC 2025
Changes made at Sat Dec 27 16:13:24 UTC 2025
Changes made at Sun Dec 28 08:15:57 UTC 2025
Changes made at Sun Dec 28 10:11:45 UTC 2025
Changes made at Sun Dec 28 14:11:23 UTC 2025
Changes made at Sun Dec 28 16:13:46 UTC 2025
Changes made at Mon Dec 29 08:19:32 UTC 2025
Changes made at Mon Dec 29 10:14:50 UTC 2025
Changes made at Mon Dec 29 14:13:53 UTC 2025
Changes made at Mon Dec 29 16:14:30 UTC 2025
Changes made at Tue Dec 30 08:17:46 UTC 2025
Changes made at Tue Dec 30 10:13:36 UTC 2025
Changes made at Tue Dec 30 14:12:57 UTC 2025
Changes made at Tue Dec 30 16:15:30 UTC 2025
Changes made at Wed Dec 31 08:17:45 UTC 2025
Changes made at Wed Dec 31 10:12:44 UTC 2025
Changes made at Wed Dec 31 14:12:42 UTC 2025
Changes made at Wed Dec 31 16:15:05 UTC 2025
Changes made at Thu Jan  1 08:17:35 UTC 2026
Changes made at Thu Jan  1 10:13:36 UTC 2026
Changes made at Thu Jan  1 14:11:39 UTC 2026
Changes made at Thu Jan  1 16:15:08 UTC 2026
Changes made at Fri Jan  2 08:17:40 UTC 2026
Changes made at Fri Jan  2 10:12:46 UTC 2026
Changes made at Fri Jan  2 14:12:49 UTC 2026
Changes made at Fri Jan  2 16:14:33 UTC 2026
Changes made at Sat Jan  3 08:15:58 UTC 2026
Changes made at Sat Jan  3 10:11:53 UTC 2026
Changes made at Sat Jan  3 14:11:11 UTC 2026
Changes made at Sat Jan  3 16:13:27 UTC 2026
Changes made at Sun Jan  4 08:16:21 UTC 2026
Changes made at Sun Jan  4 10:12:06 UTC 2026
Changes made at Sun Jan  4 14:10:58 UTC 2026
Changes made at Sun Jan  4 16:13:58 UTC 2026
Changes made at Mon Jan  5 08:20:15 UTC 2026
Changes made at Mon Jan  5 10:15:45 UTC 2026
Changes made at Mon Jan  5 14:16:14 UTC 2026
Changes made at Mon Jan  5 16:17:39 UTC 2026
Changes made at Tue Jan  6 08:18:43 UTC 2026
Changes made at Tue Jan  6 10:14:12 UTC 2026
Changes made at Tue Jan  6 14:14:29 UTC 2026
Changes made at Tue Jan  6 16:16:37 UTC 2026
Changes made at Wed Jan  7 08:18:25 UTC 2026
Changes made at Wed Jan  7 10:15:13 UTC 2026
Changes made at Wed Jan  7 14:15:35 UTC 2026
Changes made at Wed Jan  7 16:18:24 UTC 2026
Changes made at Thu Jan  8 08:18:12 UTC 2026
Changes made at Thu Jan  8 10:15:05 UTC 2026
Changes made at Thu Jan  8 14:16:50 UTC 2026
Changes made at Thu Jan  8 16:17:34 UTC 2026
